{
  "name": "feedback app failing tests",
  "priorityThresh": 3,
  "tests": [
    {
      "id": "1426636804315:1",
      "user": "feedback-app",
      "in": {
        "text": "seattle, wa"
      },
      "expected": {
        "properties": [
          {
            "name": "Seattle",
            "country_a": "USA",
            "country": "United States",
            "region": "Washington",
            "region_a": "WA",
            "county": "King County",
            "locality": "Seattle",
            "label": "Seattle, King County, WA"
          }
        ]
      }
    },
    {
      "id": "1426636804315:2",
      "user": "feedback-app",
      "in": {
        "text": "gasworks park"
      },
      "expected": {
        "properties": [
          {
            "name": "Gasworks Park",
            "country_a": "GBR",
            "country": "United Kingdom",
            "region": "South Lanarkshire",
            "locality": "Larkhall",
            "label": "Gasworks Park, Larkhall, United Kingdom"
          }
        ]
      }
    },
    {
      "id": "1426636804315:3",
      "user": "feedback-app",
      "in": {
        "text": "30 rock"
      },
      "expected": {
        "properties": [
          {
            "name": "30 Rockefeller Plaza",
            "housenumber": "30",
            "street": "Rockefeller Plaza",
            "postalcode": "10020",
            "country_a": "USA",
            "country": "United States",
            "region": "New York",
            "region_a": "NY",
            "county": "New York County",
            "localadmin": "Manhattan",
            "locality": "New York",
            "neighbourhood": "Theatre District",
            "label": "30 Rockefeller Plaza, Manhattan, NY"
          }
        ]
      }
    },
    {
      "id": "1426636804315:6",
      "user": "feedback-app",
      "in": {
        "text": "2511 Hill Court, Berkeley, CA"
      },
      "expected": {
        "properties": [
          {
            "name": "2511 Hill Court",
            "housenumber": "2511",
            "street": "Hill Court",
            "postalcode": "94708",
            "country_a": "USA",
            "country": "United States",
            "region": "California",
            "region_a": "CA",
            "county": "Alameda County",
            "locality": "Berkeley",
            "neighbourhood": "North Berkeley Hills",
            "label": "2511 Hill Court, Berkeley, CA"
          }
        ]
      }
    },
    {
      "id": "1426636804315:7",
      "user": "feedback-app",
      "in": {
        "text": "1065 La Avenida St., Mountain View, CA"
      },
      "expected": {
        "properties": "1065, La Avenida Street, Mountain View, Santa Clara County, California, 94043, United States of America"
      }
    },
    {
      "id": "1426636804315:9",
      "user": "feedback-app",
      "in": {
        "text": "1 Centerpoint Blvd, New Castle, DE"
      },
      "expected": {
        "properties": [
          {
            "name": "1 Centerpoint Boulevard",
            "housenumber": "1",
            "street": "Centerpoint Boulevard",
            "postalcode": "19720",
            "country_a": "USA",
            "country": "United States",
            "region": "Delaware",
            "region_a": "DE",
            "county": "New Castle County",
            "locality": "New Castle",
            "neighbourhood": "Dobbinsville",
            "label": "1 Centerpoint Boulevard, New Castle, DE"
          }
        ]
      }
    },
    {
      "id": "1426636804315:10",
      "user": "feedback-app",
      "in": {
        "text": "BWI"
      },
      "expected": {
        "properties": [
          {
            "name": "Baltimore-Washington International/Thurgood Marshall Airport",
            "country_a": "USA",
            "country": "United States",
            "region": "Maryland",
            "region_a": "MD",
            "county": "Anne Arundel County",
            "label": "Baltimore-Washington International/Thurgood Marshall Airport, Anne Arundel County, MD"
          }
        ]
      }
    },
    {
      "id": "1426636804315:12",
      "user": "feedback-app",
      "in": {
        "text": "15 call street north billerica, ma"
      },
      "expected": {
        "properties": [
          {
            "name": "15 Call Street",
            "housenumber": "15",
            "street": "Call Street",
            "postalcode": "01821",
            "country_a": "USA",
            "country": "United States",
            "region": "Massachusetts",
            "region_a": "MA",
            "county": "Middlesex County",
            "localadmin": "Billerica",
            "neighbourhood": "South Lowell",
            "label": "15 Call Street, Billerica, MA"
          }
        ]
      }
    },
    {
      "id": "1426636804315:17",
      "user": "feedback-app",
      "in": {
        "text": "IAH"
      },
      "expected": {
        "properties": [
          {
            "name": "George Bush Intercontinental Airport - Houston",
            "country_a": "USA",
            "country": "United States",
            "region": "Texas",
            "region_a": "TX",
            "county": "Harris County",
            "locality": "Houston",
            "label": "George Bush Intercontinental Airport - Houston, Houston, TX"
          }
        ]
      }
    },
    {
      "id": "1426636804315:18",
      "user": "feedback-app",
      "in": {
        "text": "55 acorn road wrentham"
      },
      "expected": {
        "properties": [
          {
            "name": "55 Acorn Road",
            "housenumber": "55",
            "street": "Acorn Road",
            "postalcode": "02093",
            "country_a": "USA",
            "country": "United States",
            "region": "Massachusetts",
            "region_a": "MA",
            "county": "Norfolk County",
            "localadmin": "Wrentham",
            "label": "55 Acorn Road, Wrentham, MA"
          }
        ]
      }
    },
    {
      "id": "1426636804315:21",
      "user": "feedback-app",
      "in": {
        "text": "linden,va"
      },
      "expected": {
        "properties": "Linden, Warren, Virginia, United States of America"
      }
    },
    {
      "id": "1426636804315:22",
      "user": "feedback-app",
      "in": {
        "text": "paris,va"
      },
      "expected": {
        "properties": "Paris, Fauquier, Virginia, United States of America"
      }
    },
    {
      "id": "1426636804315:23",
      "user": "feedback-app",
      "in": {
        "text": "world trade center"
      },
      "expected": {
        "properties": "World Trade Center, New York, New York City, New York, United States of America"
      }
    },
    {
      "id": "1426636804315:25",
      "user": "feedback-app",
      "in": {
        "text": "fco airport"
      },
      "expected": {
        "properties": [
          {
            "name": "Leonardo Da Vinci Rome Airport",
            "country_a": "ITA",
            "country": "Italy",
            "region": "Latium",
            "county": "Provincia di Roma",
            "localadmin": "Fiumicino",
            "label": "Leonardo Da Vinci Rome Airport, Fiumicino, Italy"
          }
        ]
      }
    },
    {
      "id": "1426636804315:26",
      "user": "feedback-app",
      "in": {
        "text": "flr airport"
      },
      "expected": {
        "properties": [
          {
            "name": "Aeroporto Firenze Amerigo Vespucci",
            "country_a": "ITA",
            "country": "Italy",
            "region": "FIRENZE",
            "county": "Firenze",
            "localadmin": "Firenze",
            "locality": "Firenze",
            "neighbourhood": "Novoli",
            "label": "Aeroporto Firenze Amerigo Vespucci, Firenze, Italy"
          }
        ]
      }
    },
    {
      "id": "1426636804315:27",
      "user": "feedback-app",
      "in": {
        "text": "511 Brinkerhoff Ave, Santa Barbara"
      },
      "expected": {
        "properties": [
          {
            "name": "511 Brinkerhoff Avenue",
            "housenumber": "511",
            "street": "Brinkerhoff Avenue",
            "postalcode": "93101",
            "country_a": "USA",
            "country": "United States",
            "region": "California",
            "region_a": "CA",
            "county": "Santa Barbara County",
            "locality": "Santa Barbara",
            "label": "511 Brinkerhoff Avenue, Santa Barbara, CA"
          }
        ]
      }
    },
    {
      "id": "1426636804315:28",
      "user": "feedback-app",
      "in": {
        "text": "iad airport"
      },
      "expected": {
        "properties": [
          {
            "name": "Washington Dulles International Airport",
            "country_a": "USA",
            "country": "United States",
            "region": "Virginia",
            "region_a": "VA",
            "county": "Loudoun County",
            "label": "Washington Dulles International Airport, Loudoun County, VA"
          }
        ]
      }
    },
    {
      "id": "1426636804315:30",
      "user": "feedback-app",
      "in": {
        "text": "bos airport"
      },
      "expected": {
        "properties": [
          {
            "name": "Logan International Airport",
            "country_a": "USA",
            "country": "United States",
            "region": "Massachusetts",
            "region_a": "MA",
            "county": "Suffolk County",
            "localadmin": "Boston",
            "locality": "Boston",
            "neighbourhood": "East Boston",
            "label": "Logan International Airport, Boston, MA"
          }
        ]
      }
    },
    {
      "id": "1426636804315:31",
      "user": "feedback-app",
      "in": {
        "text": "macys herald square"
      },
      "expected": {
        "properties": [
          {
            "name": "Macy's Herald Square",
            "postalcode": "10001",
            "country_a": "USA",
            "country": "United States",
            "region": "New York",
            "region_a": "NY",
            "county": "New York County",
            "localadmin": "Manhattan",
            "locality": "New York",
            "neighbourhood": "Koreatown",
            "label": "Macy's Herald Square, Manhattan, NY"
          }
        ]
      }
    },
    {
      "id": "1426636804315:32",
      "user": "feedback-app",
      "in": {
        "text": "triborough bridge"
      },
      "expected": {
        "properties": [
          {
            "name": "Robert F Kennedy Memorial Bridge",
            "country_a": "USA",
            "country": "United States",
            "region": "New York",
            "region_a": "NY",
            "county": "New York County",
            "localadmin": "Manhattan",
            "locality": "New York",
            "label": "Robert F Kennedy Memorial Bridge, Manhattan, NY"
          }
        ]
      }
    },
    {
      "id": "1426636804315:33",
      "user": "feedback-app",
      "in": {
        "text": "301 commons park s, stamford ct 06902"
      },
      "expected": {
        "properties": "Commons Park South, Stamford, Fairfield County, Connecticut, 06902, United States of America"
      }
    },
    {
      "id": "1426636804315:35",
      "user": "feedback-app",
      "in": {
        "text": "india gate new delhi"
      },
      "expected": {
        "properties": [
          {
            "name": "India Gate",
            "country_a": "IND",
            "country": "India",
            "region": "Delhi",
            "county": "New Delhi",
            "label": "India Gate, New Delhi, India"
          }
        ]
      }
    },
    {
      "id": "1426636804315:36",
      "user": "feedback-app",
      "in": {
        "text": "1000 flower street glendale ca 91201"
      },
      "expected": {
        "properties": [
          {
            "name": "1000 South Flower Street",
            "housenumber": "1000",
            "street": "South  Flower Street",
            "postalcode": "90015",
            "country_a": "USA",
            "country": "United States",
            "region": "California",
            "region_a": "CA",
            "county": "Los Angeles County",
            "locality": "Los Angeles",
            "neighbourhood": "Downtown Los Angeles",
            "label": "1000 South Flower Street, Los Angeles, CA"
          }
        ]
      }
    },
    {
      "id": "1426636804315:38",
      "user": "feedback-app",
      "in": {
        "text": "339 W Main St, Cheshire, CT 06410"
      },
      "expected": {
        "properties": [
          {
            "name": "339 West Main Street",
            "housenumber": "339",
            "street": "West Main Street",
            "country_a": "USA",
            "country": "United States",
            "region": "Connecticut",
            "region_a": "CT",
            "county": "Hartford County",
            "localadmin": "Avon",
            "neighbourhood": "West Avon",
            "label": "339 West Main Street, Avon, CT"
          }
        ]
      }
    },
    {
      "id": "1426636804315:41",
      "user": "feedback-app",
      "in": {
        "text": "Noma, Copenhagen"
      },
      "expected": {
        "properties": "Noma, 93, Strandgade, Arsenaløen, Frederiksstaden, Copenhagen, Copenhagen Municipality, Capital Region of Denmark, 1401, Denmark"
      }
    },
    {
      "id": "1426636804315:44",
      "user": "feedback-app",
      "in": {
        "text": "207 s 42nd st Philadelphia, PA 19104"
      },
      "expected": {
        "properties": [
          {
            "name": "207 South 42nd Street",
            "housenumber": "207",
            "street": "South 42nd Street",
            "postalcode": "19104",
            "country_a": "USA",
            "country": "United States",
            "region": "Pennsylvania",
            "region_a": "PA",
            "county": "Philadelphia County",
            "localadmin": "Philadelphia",
            "locality": "Philadelphia",
            "neighbourhood": "Spruce Hill",
            "label": "207 South 42nd Street, Philadelphia, PA"
          }
        ]
      }
    },
    {
      "id": "1426636804315:47",
      "user": "feedback-app",
      "in": {
        "text": "astoria, ny"
      },
      "expected": {
        "properties": "Astoria, Queens County, New York City, New York, 11102, United States of America"
      }
    },
    {
      "id": "1426636804315:48",
      "user": "feedback-app",
      "in": {
        "text": "astoria"
      },
      "expected": {
        "properties": "Astoria, Queens County, New York City, New York, 11102, United States of America"
      }
    },
    {
      "id": "1426636804315:49",
      "user": "feedback-app",
      "in": {
        "text": "367 Addison Avenue, Palo Alto"
      },
      "expected": {
        "properties": [
          {
            "name": "367 Addison Avenue",
            "housenumber": "367",
            "street": "Addison Avenue",
            "country_a": "USA",
            "country": "United States",
            "region": "California",
            "region_a": "CA",
            "county": "Santa Clara County",
            "locality": "Palo Alto",
            "neighbourhood": "Professorville",
            "label": "367 Addison Avenue, Palo Alto, CA"
          }
        ]
      }
    },
    {
      "id": "1426636804315:52",
      "user": "feedback-app",
      "in": {
        "text": "97 ripton rd, shelton, ct"
      },
      "expected": {
        "properties": "97, Ripton Road, Shelton, Fairfield County, Connecticut, 06484, United States of America"
      }
    },
    {
      "id": "1426636804315:58",
      "user": "feedback-app",
      "in": {
        "text": "631 Chickasaw Dr Sumter SC"
      },
      "expected": {
        "properties": [
          {
            "name": "631 Chickasaw Drive",
            "housenumber": "631",
            "street": "Chickasaw Drive",
            "postalcode": "29150",
            "country_a": "USA",
            "country": "United States",
            "region": "South Carolina",
            "region_a": "SC",
            "county": "Sumter County",
            "locality": "Sumter",
            "label": "631 Chickasaw Drive, Sumter, SC"
          }
        ]
      }
    },
    {
      "id": "1426636804315:59",
      "user": "feedback-app",
      "in": {
        "text": "iad"
      },
      "expected": {
        "properties": [
          {
            "name": "Washington Dulles International Airport",
            "country_a": "USA",
            "country": "United States",
            "region": "Virginia",
            "region_a": "VA",
            "county": "Loudoun County",
            "label": "Washington Dulles International Airport, Loudoun County, VA"
          }
        ]
      }
    },
    {
      "id": "1426636804315:60",
      "user": "feedback-app",
      "in": {
        "text": "flr"
      },
      "expected": {
        "properties": [
          {
            "name": "Aeroporto Firenze Amerigo Vespucci",
            "country_a": "ITA",
            "country": "Italy",
            "region": "FIRENZE",
            "county": "Firenze",
            "localadmin": "Firenze",
            "locality": "Firenze",
            "neighbourhood": "Novoli",
            "label": "Aeroporto Firenze Amerigo Vespucci, Firenze, Italy"
          }
        ]
      }
    },
    {
      "id": "1426636804315:62",
      "user": "feedback-app",
      "in": {
        "text": "green point pennsylvania USA"
      },
      "expected": {
        "properties": "Green Point, Lebanon County, Pennsylvanien, Vereinigte Staaten von Amerika"
      }
    },
    {
      "id": "1426636804315:63",
      "user": "feedback-app",
      "in": {
        "text": "10118 jonestown rd, grantville, pa, usa"
      },
      "expected": {
        "properties": [
          {
            "name": "10118 Jonestown Road",
            "housenumber": "10118",
            "street": "Jonestown Road",
            "postalcode": "17028",
            "country_a": "USA",
            "country": "United States",
            "region": "Pennsylvania",
            "region_a": "PA",
            "county": "Lebanon County",
            "localadmin": "East Hanover",
            "label": "10118 Jonestown Road, East Hanover, PA"
          }
        ]
      }
    },
    {
      "id": "1426636804315:64",
      "user": "feedback-app",
      "in": {
        "text": "pdx"
      },
      "expected": {
        "properties": [
          {
            "name": "Portland International Airport",
            "country_a": "USA",
            "country": "United States",
            "region": "Oregon",
            "region_a": "OR",
            "county": "Multnomah County",
            "locality": "Portland",
            "neighbourhood": "NE Portland",
            "label": "Portland International Airport, Portland, OR"
          }
        ]
      }
    },
    {
      "id": "1426636804315:65",
      "user": "feedback-app",
      "in": {
        "text": "JFK airport"
      },
      "expected": {
        "properties": [
          {
            "name": "John F Kennedy International Airport",
            "country_a": "USA",
            "country": "United States",
            "region": "New York",
            "region_a": "NY",
            "county": "Queens County",
            "localadmin": "Queens",
            "locality": "New York",
            "neighbourhood": "Brookville",
            "label": "John F Kennedy International Airport, Queens, NY"
          }
        ]
      }
    },
    {
      "id": "1426636804315:66",
      "user": "feedback-app",
      "in": {
        "text": "EWR airport"
      },
      "expected": {
        "properties": [
          {
            "name": "Newark Liberty International Airport",
            "country_a": "USA",
            "country": "United States",
            "region": "New Jersey",
            "region_a": "NJ",
            "county": "Essex County",
            "localadmin": "Newark",
            "locality": "Newark",
            "neighbourhood": "Dayton",
            "label": "Newark Liberty International Airport, Newark, NJ"
          }
        ]
      }
    },
    {
      "id": "1426636804315:68",
      "user": "feedback-app",
      "in": {
        "text": "dub"
      },
      "expected": {
        "properties": [
          {
            "name": "Dublin Airport",
            "street": "Swords Road",
            "country_a": "IRL",
            "country": "Ireland",
            "region": "Fingal",
            "locality": "Dublin",
            "neighbourhood": "Clonshag Br.",
            "label": "Dublin Airport, Dublin, Ireland"
          }
        ]
      }
    },
    {
      "id": "1426636804315:69",
      "user": "feedback-app",
      "in": {
        "text": "17603"
      },
      "expected": {
        "properties": "West Lancaster, Lancaster County, Pennsylvania, 17603, United States of America"
      }
    },
    {
      "id": "1426636804315:70",
      "user": "feedback-app",
      "in": {
        "text": "nyc"
      },
      "expected": {
        "properties": [
          {
            "name": "New York City",
            "country_a": "USA",
            "country": "United States",
            "region": "New York",
            "region_a": "NY",
            "county": "New York County",
            "localadmin": "Manhattan",
            "locality": "New York",
            "label": "New York City, Manhattan, NY"
          }
        ]
      }
    },
    {
      "id": "1426636804315:71",
      "user": "feedback-app",
      "in": {
        "text": "nueva york"
      },
      "expected": {
        "properties": [
          {
            "name": "New York City",
            "country_a": "USA",
            "country": "United States",
            "region": "New York",
            "region_a": "NY",
            "county": "New York County",
            "localadmin": "Manhattan",
            "locality": "New York",
            "label": "New York City, Manhattan, NY"
          }
        ]
      }
    },
    {
      "id": "1426636804315:72",
      "user": "feedback-app",
      "in": {
        "text": "MoMa"
      },
      "expected": {
        "properties": [
          {
            "name": "11 West 53rd Street",
            "housenumber": "11",
            "street": "West 53rd Street",
            "postalcode": "10019",
            "country_a": "USA",
            "country": "United States",
            "region": "New York",
            "region_a": "NY",
            "county": "New York County",
            "localadmin": "Manhattan",
            "locality": "New York",
            "neighbourhood": "Midtown",
            "label": "11 West 53rd Street, Manhattan, NY"
          }
        ]
      }
    },
    {
      "id": "1426636804315:74",
      "user": "feedback-app",
      "in": {
        "text": "taj mahal"
      },
      "expected": {
        "properties": "Taj Mahal, Taj East Gate Road, Taj Ganj, Agra, Uttar Pradesh, 282001, India"
      }
    },
    {
      "id": "1428364804895:0",
      "user": "feedback-app",
      "in": {
        "text": "301 Commons Park S, Stamford, CT 06902"
      },
      "expected": {
        "properties": [
          {
            "name": "Postmark Apartments",
            "housenumber": "301",
            "street": "Commons Park South",
            "postalcode": "06902",
            "country_a": "USA",
            "country": "United States",
            "region": "Connecticut",
            "region_a": "CT",
            "county": "Fairfield County",
            "localadmin": "Stamford",
            "locality": "Stamford",
            "neighbourhood": "South End",
            "label": "Postmark Apartments, Stamford, CT"
          }
        ]
      }
    },
    {
      "id": "1429747205548:1",
      "user": "feedback-app",
      "in": {
        "text": "94015"
      },
      "expected": {
        "properties": [
          {
            "name": "Daly City",
            "country_a": "USA",
            "country": "United States",
            "region": "California",
            "region_a": "CA",
            "county": "San Mateo County",
            "locality": "Daly City",
            "label": "Daly City, San Mateo County, CA"
          }
        ]
      }
    }
  ]
}
